{
  "movies": [
    {
      "poster_path": "/bZUbpjwnarSHJK40W9sGpyedWhx.jpg",
      "adult": false,
      "overview": "A young teenager named Mikey Walsh finds an old treasure map in his father's attic. Hoping to save their homes from demolition, Mikey and his friends Data Wang, Chunk Cohen, and Mouth Devereaux run off on a big quest to find the secret stash of Pirate One-Eyed Willie.",
      "release_date": "1985-06-06",
      "original_title": "The Goonies",
      "genre_ids": [
        12,
        35,
        10751
      ],
      "id": 9340,
      "media_type": "movie",
      "original_language": "en",
      "title": "The Goonies",
      "backdrop_path": "/qKeyO9gXaaK0g87tvvqOPK1siwc.jpg",
      "popularity": 4.696479,
      "vote_count": 1200,
      "video": false,
      "vote_average": 7.3,
      "_id": 2
    },
    {
      "poster_path": "/yE5d3BUhE8hCnkMUJOo1QDoOGNz.jpg",
      "adult": false,
      "overview": "A man with a low IQ has accomplished great things in his life and been present during significant historic events - in each case, far exceeding what anyone imagined he could do. Yet, despite all the things he has attained, his one true love eludes him. 'Forrest Gump' is the story of a man who rose above his challenges, and who proved that determination, courage, and love are more important than ability.",
      "release_date": "1994-07-06",
      "original_title": "Forrest Gump",
      "genre_ids": [
        35,
        18,
        10749
      ],
      "id": 13,
      "media_type": "movie",
      "original_language": "en",
      "title": "Forrest Gump",
      "backdrop_path": "/ctOEhQiFIHWkiaYp7b0ibSTe5IL.jpg",
      "popularity": 9.476768,
      "vote_count": 6074,
      "video": false,
      "vote_average": 8.1,
      "_id": 4
    },
    {
      "poster_path": "/msNpSoipcmMKaZRTlK3vHopHRAg.jpg",
      "adult": false,
      "overview": "Gus van Sant tells the story of a young African American man named Jamal who confronts his talents while living on the streets of the Bronx. He accidentally runs into an old writer named Forrester who discovers his passion for writing. With help from his new mentor Jamal receives a scholarship to a private school.",
      "release_date": "2000-12-21",
      "original_title": "Finding Forrester",
      "genre_ids": [
        18
      ],
      "id": 711,
      "media_type": "movie",
      "original_language": "en",
      "title": "Finding Forrester",
      "backdrop_path": "/ihEhIKWqVUCWvtvGf7u7IKUMdfm.jpg",
      "popularity": 2.401502,
      "vote_count": 233,
      "video": false,
      "vote_average": 6.9,
      "_id": 5
    },
    {
      "poster_path": "/xWt9KAcToCRdJ6JH8JyZZlhkVgG.jpg",
      "adult": false,
      "overview": "When the nefarious Dark Helmet hatches a plan to snatch Princess Vespa and steal her planet's air, space-bum-for-hire Lone Starr and his clueless sidekick fly to the rescue. Along the way, they meet Yogurt, who puts Lone Starr wise to the power of \"The Schwartz.\" Can he master it in time to save the day?",
      "release_date": "1987-06-24",
      "original_title": "Spaceballs",
      "genre_ids": [
        35,
        878
      ],
      "id": 957,
      "media_type": "movie",
      "original_language": "en",
      "title": "Spaceballs",
      "backdrop_path": "/mMblxwsvvJ9wu8CVXVVjX4MBuN2.jpg",
      "popularity": 4.102279,
      "vote_count": 732,
      "video": false,
      "vote_average": 6.7,
      "_id": 8
    },
    {
      "poster_path": "/q2645aW8vgg1g7RL5lil6K93yaA.jpg",
      "adult": false,
      "overview": "New York City. Melvin Udall, a cranky, bigoted, obsessive-compulsive writer, finds his life turned upside down when neighboring gay artist Simon is hospitalized and his dog is entrusted to Melvin. In addition, Carol, the only waitress who will tolerate him, must leave work to care for her sick son, making it impossible for Melvin to eat breakfast.",
      "release_date": "1997-12-19",
      "original_title": "As Good as It Gets",
      "genre_ids": [
        35,
        10749
      ],
      "id": 2898,
      "media_type": "movie",
      "original_language": "en",
      "title": "As Good as It Gets",
      "backdrop_path": "/tnP9KQQMqiR7IwqoPWV78ygbB9n.jpg",
      "popularity": 3.858321,
      "vote_count": 698,
      "video": false,
      "vote_average": 7.2,
      "_id": 9
    },
    {
      "poster_path": "/mz1qCHXxTUJm2AqOdW3IIpwYdo3.jpg",
      "adult": false,
      "overview": "An average family is thrust into the spotlight after the father commits a seemingly self-defense murder at his diner.",
      "release_date": "2005-09-23",
      "original_title": "A History of Violence",
      "genre_ids": [
        18,
        53,
        80
      ],
      "id": 59,
      "media_type": "movie",
      "original_language": "en",
      "title": "A History of Violence",
      "backdrop_path": "/aBjvBbQWrR5gZbxS4WMSaT1XlZL.jpg",
      "popularity": 3.135591,
      "vote_count": 645,
      "video": false,
      "vote_average": 6.9,
      "_id": 10
    },
    {
      "poster_path": "/eCLpykDxtAQ0gnS5ERrTo7kP9k9.jpg",
      "adult": false,
      "overview": "After his older brother passes away, Lee Chandler is forced to return home to care for his 16-year-old nephew. There he is compelled to deal with a tragic past that separated him from his family and the community where he was born and raised.",
      "release_date": "2016-11-18",
      "original_title": "Manchester by the Sea",
      "genre_ids": [
        18
      ],
      "id": 334541,
      "media_type": "movie",
      "original_language": "en",
      "title": "Manchester by the Sea",
      "backdrop_path": "/urSqvE0AyIHkYogUsQaVAmZrN0M.jpg",
      "popularity": 8.107577,
      "vote_count": 1046,
      "video": false,
      "vote_average": 7.4,
      "_id": 15
    }
  ],
  "posts": [
    {
      "id": 1,
      "title": "json-server",
      "author": "typicode"
    }
  ],
  "comments": [
    {
      "id": 1,
      "body": "some comment",
      "postId": 1
    }
  ],
  "profile": {
    "name": "typicode"
  }
}